KNN_train,KNN_validation,Regresión Logística_train,Regresión Logística_validation,Árboles de Decisión_train,Árboles de Decisión_validation,SVC_train,SVC_validation,Random Forest_train,Random Forest_validation,XGBoost_train,XGBoost_validation
0.8407100591715976,0.7643718949609652,0.8837869822485207,0.8254080908445706,1.0,0.772888573456352,0.8324260355029586,0.8069552874378992,1.0,0.8055358410220014,0.9557396449704142,0.7913413768630234
0.6610169491525424,0.5401069518716578,0.6833184656556646,0.5909090909090909,1.0,0.5106951871657754,0.5468331846565566,0.4946524064171123,1.0,0.45989304812834225,0.9099018733273863,0.5294117647058824
0.9056056701030928,0.8454106280193237,0.9561855670103093,0.9101449275362319,1.0,0.8676328502415459,0.9355670103092784,0.9198067632850242,1.0,0.9304347826086956,0.9722938144329897,0.8859903381642512
0.7166344294003868,0.5580110497237569,0.8492239467849224,0.7038216560509554,1.0,0.5823170731707317,0.7539975399753998,0.6902985074626866,1.0,0.7049180327868853,0.9222423146473779,0.6265822784810127
0.6877030162412993,0.5489130434782609,0.7572911517548195,0.6424418604651163,1.0,0.5441595441595442,0.6339193381592554,0.5763239875389408,1.0,0.5566343042071198,0.916030534351145,0.5739130434782609
